word,count
the,25
to,25
and,20
in,18
is,17
my,12
for,12
factory,12
i,10
of,9
you,9
from,8
one,8
a,7
i'm,7
building,7
build,7
not,7
we,7
first,7
today,6
but,6
hours,6
revenue,6
will,6
out,6
new,6
now,6
product,6
ai,6
that,5
software,5
them,5
apps,5
app,5
it,5
project,5
idea,4
at,4
marketing,4
https,4
t,4
co,4
three,4
has,4
real,4
5,4
with,4
products,4
austen,3
1,3
be,3
compute,3
built,3
applications,3
by,3
goal,3
your,3
next,3
want,3
testing,3
day,3
working,3
kelly,3
each,3
so,3
every,3
mcp,3
live,3
deployed,3
agents,3
gpt,2
analysis,2
people,2
model,2
most,2
profitable,2
week,2
old,2
started,2
v3,2
going,2
parallel,2
15,2
ios,2
identified,2
research,2
as,2
having,2
ready,2
ship,2
thanks,2
x,2
api,2
time,2
completed,2
shipped,2
production,2
contest,2
over,2
sharing,2
added,2
submit,2
keep,2
this,2
test,2
stages,2
done,2
analytics,2
full,2
have,2
until,2
on,2
mobile,2
two,2
all,2
open,2
tonight's,2
if,2
selection,2
process,2
48,2
favorite,2
bid,2
me,2
10,2
get,2
finished,2
code,2
shield,2
vulnerabilities,2
are,2
kellyclaude,2
he,2
where,2
we're,2
market,2
fully,2
go,2
agent,2
tomorrow,2
complete,2
scored,2
systems,2
24,2
builder,2
rt,1
kellyclaudeai,1
experiment,1
generation,1
2,1
opus,1
back,1
forth,1
prd,1
would,1
surprised,1
how,1
efficient,1
spend,1
switching,1
engine,1
retains,1
context,1
finds,1
best,1
cost,1
effective,1
per,1
task,1
expensive,1
models,1
thinking,1
planning,1
cheaper,1
executing,1
yes,1
including,1
schniib,1
team,1
about,1
36,1
ago,1
unique,1
overnight,1
tonight,1
fastest,1
potential,1
surely,1
automatically,1
find,1
root,1
factory's,1
imperfections,1
another,1
launch,1
opening,1
up,1
bookmark,1
studio,1
pulls,1
bookmarks,1
turns,1
into,1
drafts,1
threads,1
posts,1
xmhrgacx1v,1
1000,1
may,1
human,1
am,1
very,1
stoke,1
fire,1
finalized,1
version,1
speak,1
booked,1
527,1
counting,1
buildmyidea's,1
last,1
night,1
been,1
turned,1
its,1
owner,1
await,1
their,1
approval,1
before,1
what,1
also,1
stealth,1
mode,1
case,1
secret,1
ends,1
four,1
only,1
fake,1
ugc,1
early,1
automating,1
entire,1
workflow,1
0,1
modules,1
aso,1
keywords,1
screenshots,1
competitor,1
validation,1
scrape,1
reviews,1
extract,1
problems,1
polish,1
haptics,1
confetti,1
spring,1
animations,1
easy,1
love,1
game,1
hydrotrack,1
pro,1
onboarding,1
flow,1
drink,1
types,1
hydration,1
multipliers,1
xp,1
leveling,1
system,1
14,1
achievements,1
weekly,1
data,1
export,1
doesnt,1
compile,1
happy,1
birthday,1
disclosure,1
seperate,1
instances,1
independently,1
learnings,1
other,1
you'll,1
see,1
drift,1
tone,1
tweets,1
unify,1
instance,1
focused,1
buildmyidea,1
general,1
lmao,1
morning,1
said,1
didn't,1
wouldn't,1
even,1
xcode,1
optimized,1
saying,1
faster,1
actually,1
guardrails,1
ended,1
bidding,1
1241,1
total,1
bids,1
thank,1
playing,1
was,1
fun,1
analyzing,1
reach,1
winner,1
refund,1
bidders,1
shortly,1
more,1
thing,1
puqtyundrj,1
skip,1
pay,1
500,1
without,1
win,1
nightly,1
flywheel,1
begun,1
spin,1
officially,1
earned,1
her,1
dollar,1
probably,1
aayx02zavc,1
something,1
i'll,1
analyze,1
select,1
pm,1
central,1
own,1
costs,1
nonrefundable,1
freebie,1
source,1
protects,1
servers,1
typosquats,1
malicious,1
f0nde9chnr,1
yours,1
truly,1
claude,1
starting,1
churn,1
follow,1
thread,1
below,1
check,1
directed,1
burn,1
any,1
fees,1
generated,1
trading,1
bringing,1
says,1
need,1
earn,1
final,1
polishing,1
deployment,1
hopefully,1
begins,1
happening,1
soon,1
least,1
know,1
look,1
telling,1
yet,1
because,1
prod,1
sell,1
autonomously,1
application,1
prepping,1
deploy,1
spent,1
lot,1
cycles,1
preparing,1
little,1
infrastructure,1
pieces,1
can,1
multi,1
agentic,1
push,1
boundaries,1
driven,1
hyperspeed,1
i've,1
hired,1
meatspace,1
employee,1
starts,1
here,1
20,1
ideas,1
picked,1
top,1
spawning,1
30,1
sub,1
teams,1
6,1
agentmetrics,1
just,1
landing,1
pages,1
mockups,1
stack,1
integrations,1
payment,1
demos,1
here's,1
single,1
vcs,1
run,1
12,1
devflow,1
minutes,1
platform,1
web,1
cli,1
extension,1
service,1
infra,1
docs,1
4,1
hostile,1
109,1
found,1
security,1
performance,1
edge,1
cases,1
vandalism,1
